Team,3PA,SRS,season,Pace
Anderson Packers*,,2.42,1950,
Baltimore Bullets,,-4.55,1950,
Boston Celtics,,-1.73,1950,
Central Division,,Central Division,1950,
Chicago Stags*,,2.06,1950,
Denver Nuggets,,-11.31,1950,
Eastern Division,,Eastern Division,1950,
Fort Wayne Pistons*,,1.84,1950,
Indianapolis Olympians*,,2.59,1950,
Minneapolis Lakers*,,8.25,1950,
New York Knicks*,,2.53,1950,
Philadelphia Warriors*,,-2.27,1950,
Rochester Royals*,,7.72,1950,
Sheboygan Red Skins*,,-5.85,1950,
St. Louis Bombers,,-2.01,1950,
Syracuse Nationals*,,6.48,1950,
Tri-Cities Blackhawks*,,-1.43,1950,
Washington Capitols*,,-0.28,1950,
Waterloo Hawks,,-5.96,1950,
Western Division,,Western Division,1950,
Baltimore Bullets,,-1.94,1951,
Boston Celtics*,,-0.41,1951,
Eastern Division,,Eastern Division,1951,
Fort Wayne Pistons*,,-1.81,1951,
Indianapolis Olympians*,,-2.00,1951,
Minneapolis Lakers*,,4.79,1951,
New York Knicks*,,0.49,1951,
Philadelphia Warriors*,,3.40,1951,
Rochester Royals*,,2.54,1951,
Syracuse Nationals*,,0.62,1951,
Tri-Cities Blackhawks,,-3.22,1951,
Washington Capitols,,-4.63,1951,
Western Division,,Western Division,1951,
Baltimore Bullets,,-6.60,1952,
Boston Celtics*,,3.60,1952,
Eastern Division,,Eastern Division,1952,
Fort Wayne Pistons*,,-1.83,1952,
Indianapolis Olympians*,,0.08,1952,
Milwaukee Hawks,,-7.04,1952,
Minneapolis Lakers*,,5.28,1952,
New York Knicks*,,0.67,1952,
Philadelphia Warriors*,,-1.08,1952,
Rochester Royals*,,2.92,1952,
Syracuse Nationals*,,3.94,1952,
Western Division,,Western Division,1952,
Baltimore Bullets*,,-5.80,1953,
Boston Celtics*,,1.94,1953,
Eastern Division,,Eastern Division,1953,
Fort Wayne Pistons*,,0.17,1953,
Indianapolis Olympians*,,-2.30,1953,
Milwaukee Hawks,,-2.49,1953,
Minneapolis Lakers*,,5.54,1953,
New York Knicks*,,4.39,1953,
Philadelphia Warriors,,-7.75,1953,
Rochester Royals*,,2.62,1953,
Syracuse Nationals*,,3.62,1953,
Western Division,,Western Division,1953,
Baltimore Bullets,,-5.98,1954,
Boston Celtics*,,1.97,1954,
Eastern Division,,Eastern Division,1954,
Fort Wayne Pistons*,,1.45,1954,
Milwaukee Hawks,,-4.55,1954,
Minneapolis Lakers*,,2.71,1954,
New York Knicks*,,-0.16,1954,
Philadelphia Warriors,,-1.89,1954,
Rochester Royals*,,2.24,1954,
Syracuse Nationals*,,4.27,1954,
Western Division,,Western Division,1954,
Baltimore Bullets,,,1955,
Baltimore Bullets (1),,,1955,
Boston Celtics*,,-0.03,1955,
Eastern Division,,Eastern Division,1955,
Fort Wayne Pistons*,,2.01,1955,
Milwaukee Hawks,,-2.66,1955,
Minneapolis Lakers*,,0.96,1955,
New York Knicks*,,0.11,1955,
Philadelphia Warriors,,-0.19,1955,
Rochester Royals*,,-1.43,1955,
Syracuse Nationals*,,1.23,1955,
Western Division,,Western Division,1955,
Boston Celtics*,,0.72,1956,
Eastern Division,,Eastern Division,1956,
Fort Wayne Pistons*,,0.45,1956,
Minneapolis Lakers*,,-0.92,1956,
New York Knicks*,,-0.20,1956,
Philadelphia Warriors*,,3.82,1956,
Rochester Royals,,-2.61,1956,
St. Louis Hawks*,,-1.42,1956,
Syracuse Nationals*,,0.17,1956,
Western Division,,Western Division,1956,
Boston Celtics*,,4.78,1957,
Eastern Division,,Eastern Division,1957,
Fort Wayne Pistons*,,-2.18,1957,
Minneapolis Lakers*,,-0.89,1957,
New York Knicks,,0.07,1957,
Philadelphia Warriors*,,1.54,1957,
Rochester Royals,,-2.08,1957,
St. Louis Hawks*,,-0.27,1957,
Syracuse Nationals*,,-1.03,1957,
Western Division,,Western Division,1957,
Boston Celtics*,,5.02,1958,
Cincinnati Royals*,,-1.47,1958,
Detroit Pistons*,,-2.32,1958,
Eastern Division,,Eastern Division,1958,
Minneapolis Lakers,,-5.78,1958,
New York Knicks,,1.35,1958,
Philadelphia Warriors*,,0.21,1958,
St. Louis Hawks*,,0.82,1958,
Syracuse Nationals*,,2.18,1958,
Western Division,,Western Division,1958,
Boston Celtics*,,5.84,1959,
Cincinnati Royals,,-7.89,1959,
Detroit Pistons*,,-1.36,1959,
Eastern Division,,Eastern Division,1959,
Minneapolis Lakers*,,-1.42,1959,
New York Knicks*,,0.49,1959,
Philadelphia Warriors,,-2.29,1959,
St. Louis Hawks*,,2.89,1959,
Syracuse Nationals*,,3.74,1959,
Western Division,,Western Division,1959,
Boston Celtics*,,7.62,1960,
Cincinnati Royals,,-5.92,1960,
Detroit Pistons*,,-3.45,1960,
Eastern Division,,Eastern Division,1960,
Minneapolis Lakers*,,-4.14,1960,
New York Knicks,,-1.43,1960,
Philadelphia Warriors*,,2.77,1960,
St. Louis Hawks*,,1.77,1960,
Syracuse Nationals*,,2.77,1960,
Western Division,,Western Division,1960,
Boston Celtics*,,4.94,1961,
Cincinnati Royals,,-3.04,1961,
Detroit Pistons*,,-2.11,1961,
Eastern Division,,Eastern Division,1961,
Los Angeles Lakers*,,-0.11,1961,
New York Knicks,,-5.43,1961,
Philadelphia Warriors*,,0.89,1961,
St. Louis Hawks*,,2.99,1961,
Syracuse Nationals*,,1.93,1961,
Western Division,,Western Division,1961,
Boston Celtics*,,8.25,1962,
Chicago Packers,,-7.54,1962,
Cincinnati Royals*,,1.28,1962,
Detroit Pistons*,,-1.72,1962,
Eastern Division,,Eastern Division,1962,
Los Angeles Lakers*,,1.80,1962,
New York Knicks,,-3.98,1962,
Philadelphia Warriors*,,2.63,1962,
St. Louis Hawks,,-2.96,1962,
Syracuse Nationals*,,2.24,1962,
Western Division,,Western Division,1962,
Boston Celtics*,,6.38,1963,
Chicago Zephyrs,,-3.63,1963,
Cincinnati Royals*,,1.24,1963,
Detroit Pistons*,,-3.38,1963,
Eastern Division,,Eastern Division,1963,
Los Angeles Lakers*,,2.67,1963,
New York Knicks,,-6.20,1963,
San Francisco Warriors,,-1.86,1963,
St. Louis Hawks*,,1.38,1963,
Syracuse Nationals*,,3.40,1963,
Western Division,,Western Division,1963,
Baltimore Bullets,,-1.59,1964,
Boston Celtics*,,6.93,1964,
Cincinnati Royals*,,4.43,1964,
Detroit Pistons,,-6.77,1964,
Eastern Division,,Eastern Division,1964,
Los Angeles Lakers*,,0.87,1964,
New York Knicks,,-5.91,1964,
Philadelphia 76ers*,,-3.75,1964,
San Francisco Warriors*,,4.41,1964,
St. Louis Hawks*,,1.39,1964,
Western Division,,Western Division,1964,
Baltimore Bullets*,,-1.97,1965,
Boston Celtics*,,7.46,1965,
Cincinnati Royals*,,2.04,1965,
Detroit Pistons,,-3.03,1965,
Eastern Division,,Eastern Division,1965,
Los Angeles Lakers*,,1.70,1965,
New York Knicks,,-3.26,1965,
Philadelphia 76ers*,,-0.13,1965,
San Francisco Warriors,,-5.49,1965,
St. Louis Hawks*,,2.68,1965,
Western Division,,Western Division,1965,
Baltimore Bullets*,,-1.06,1966,
Boston Celtics*,,4.34,1966,
Cincinnati Royals*,,1.03,1966,
Detroit Pistons,,-6.07,1966,
Eastern Division,,Eastern Division,1966,
Los Angeles Lakers*,,2.76,1966,
New York Knicks,,-2.31,1966,
Philadelphia 76ers*,,4.16,1966,
San Francisco Warriors,,-2.36,1966,
St. Louis Hawks*,,-0.50,1966,
Western Division,,Western Division,1966,
Baltimore Bullets,,-5.87,1967,
Boston Celtics*,,7.24,1967,
Chicago Bulls*,,-3.37,1967,
Cincinnati Royals*,,-0.23,1967,
Detroit Pistons,,-4.98,1967,
Eastern Division,,Eastern Division,1967,
Los Angeles Lakers*,,0.31,1967,
New York Knicks*,,-2.74,1967,
Philadelphia 76ers*,,8.50,1967,
San Francisco Warriors*,,2.58,1967,
St. Louis Hawks*,,-1.44,1967,
Western Division,,Western Division,1967,
Baltimore Bullets,,-0.23,1968,
Boston Celtics*,,3.87,1968,
Chicago Bulls*,,-3.76,1968,
Cincinnati Royals,,-0.64,1968,
Detroit Pistons*,,-1.70,1968,
Eastern Division,,Eastern Division,1968,
Los Angeles Lakers*,,4.99,1968,
New York Knicks*,,1.78,1968,
Philadelphia 76ers*,,7.96,1968,
San Diego Rockets,,-7.94,1968,
San Francisco Warriors*,,-0.66,1968,
Seattle SuperSonics,,-6.00,1968,
St. Louis Hawks*,,2.37,1968,
Western Division,,Western Division,1968,
Atlanta Hawks*,,2.06,1969,
Baltimore Bullets*,,4.05,1969,
Boston Celtics*,,5.35,1969,
Chicago Bulls,,-2.11,1969,
Cincinnati Royals,,-0.83,1969,
Detroit Pistons,,-2.79,1969,
Eastern Division,,Eastern Division,1969,
Los Angeles Lakers*,,3.84,1969,
Milwaukee Bucks,,-5.07,1969,
New York Knicks*,,5.48,1969,
Philadelphia 76ers*,,4.79,1969,
Phoenix Suns,,-8.26,1969,
San Diego Rockets*,,-0.30,1969,
San Francisco Warriors*,,-1.53,1969,
Seattle SuperSonics,,-4.68,1969,
Western Division,,Western Division,1969,
Atlanta Hawks*,,0.31,1970,
Baltimore Bullets*,,1.94,1970,
Boston Celtics,,-1.60,1970,
Chicago Bulls*,,-1.71,1970,
Cincinnati Royals,,-2.55,1970,
Detroit Pistons,,-2.94,1970,
Eastern Division,,Eastern Division,1970,
Los Angeles Lakers*,,1.76,1970,
Milwaukee Bucks*,,4.25,1970,
New York Knicks*,,8.42,1970,
Philadelphia 76ers*,,3.32,1970,
Phoenix Suns*,,-1.66,1970,
San Diego Rockets,,-2.95,1970,
San Francisco Warriors,,-4.15,1970,
Seattle SuperSonics,,-2.43,1970,
Western Division,,Western Division,1970,
Atlanta Hawks*,,-1.3,1971,117.2
Baltimore Bullets*,,0.91,1971,116.5
Boston Celtics,,2.3,1971,120.2
Buffalo Braves,,-8.02,1971,111.9
Chicago Bulls*,,5.47,1971,109.7
Cincinnati Royals,,-2.96,1971,118.5
Cleveland Cavaliers,,-12.04,1971,110.6
Detroit Pistons,,-0.33,1971,111.3
Los Angeles Lakers*,,3.27,1971,115.7
Milwaukee Bucks*,,11.92,1971,113.4
New York Knicks*,,5.05,1971,112.2
Philadelphia 76ers*,,1.81,1971,115.7
Phoenix Suns,,2.33,1971,115.3
Portland Trail Blazers,,-6.2,1971,120.6
San Diego Rockets,,0.21,1971,118.5
San Francisco Warriors*,,-0.83,1971,113.5
Seattle SuperSonics,,-1.53,1971,116.5
Atlanta Hawks*,,-1.94,1972,110.7
Baltimore Bullets*,,-1.26,1972,110.5
Boston Celtics*,,4.38,1972,116.1
Buffalo Braves,,-9.44,1972,108.3
Chicago Bulls*,,7.91,1972,108.6
Cincinnati Royals,,-4.13,1972,109.5
Cleveland Cavaliers,,-7.9,1972,111.5
Detroit Pistons,,-6.11,1972,112.8
Golden State Warriors*,,0.92,1972,113.0
Houston Rockets,,-1.22,1972,114.7
Los Angeles Lakers*,,11.65,1972,116.9
Milwaukee Bucks*,,10.7,1972,111.2
New York Knicks*,,2.28,1972,108.0
Philadelphia 76ers,,-3.44,1972,115.8
Phoenix Suns,,5.57,1972,113.7
Portland Trail Blazers,,-8.84,1972,112.3
Seattle SuperSonics,,0.86,1972,110.5
Atlanta Hawks*,,-0.15,1973,113.8
Baltimore Bullets*,,2.85,1973,108.7
Boston Celtics*,,7.35,1973,114.5
Buffalo Braves,,-8.85,1973,110.9
Chicago Bulls*,,3.43,1973,104.5
Cleveland Cavaliers,,-2.64,1973,108.3
Detroit Pistons,,0.54,1973,111.5
Golden State Warriors*,,3.12,1973,112.2
Houston Rockets,,-1.81,1973,115.2
Kansas City-Omaha Kings,,-2.36,1973,107.3
Los Angeles Lakers*,,8.16,1973,112.0
Milwaukee Bucks*,,7.84,1973,108.3
New York Knicks*,,6.07,1973,105.9
Philadelphia 76ers,,-11.5,1973,115.2
Phoenix Suns,,-0.96,1973,113.0
Portland Trail Blazers,,-5.67,1973,110.4
Seattle SuperSonics,,-5.33,1973,110.0
Atlanta Hawks,,-1.47,1974,110.8
Boston Celtics*,,3.42,1974,110.0
Buffalo Braves*,,-0.19,1974,111.6
Capital Bullets*,,1.19,1974,106.3
Chicago Bulls*,,3.2,1974,105.0
Cleveland Cavaliers,,-4.16,1974,104.1
Detroit Pistons*,,4.02,1974,106.5
Golden State Warriors,,2.42,1974,108.9
Houston Rockets,,-0.34,1974,106.1
Kansas City-Omaha Kings,,-3.24,1974,106.1
Los Angeles Lakers*,,0.85,1974,111.7
Milwaukee Bucks*,,7.61,1974,105.4
New York Knicks*,,2.42,1974,103.5
Philadelphia 76ers,,-5.94,1974,108.3
Phoenix Suns,,-3.2,1974,109.6
Portland Trail Blazers,,-4.3,1974,108.5
Seattle SuperSonics,,-2.29,1974,110.2
Atlanta Hawks,,-1.32,1975,106.3
Boston Celtics*,,5.4,1975,106.1
Buffalo Braves*,,2.16,1975,107.7
Chicago Bulls*,,2.88,1975,99.7
Cleveland Cavaliers,,-0.31,1975,100.4
Detroit Pistons*,,-1.19,1975,100.5
Golden State Warriors*,,2.86,1975,107.6
Houston Rockets*,,0.84,1975,102.9
Kansas City-Omaha Kings*,,-0.16,1975,104.4
Los Angeles Lakers,,-3.94,1975,106.4
Milwaukee Bucks,,0.25,1975,102.1
New Orleans Jazz,,-7.3,1975,109.4
New York Knicks*,,-0.92,1975,103.1
Philadelphia 76ers,,-2.6,1975,103.4
Phoenix Suns,,-2.36,1975,104.3
Portland Trail Blazers,,0.27,1975,104.7
Seattle SuperSonics*,,-1.19,1975,105.5
Washington Bullets*,,6.53,1975,106.1
Atlanta Hawks,,-2.66,1976,103.6
Boston Celtics*,,2.25,1976,106.9
Buffalo Braves*,,0.85,1976,108.2
Chicago Bulls,,-2.89,1976,100.3
Cleveland Cavaliers*,,2.34,1976,101.6
Detroit Pistons*,,-1.18,1976,105.2
Golden State Warriors*,,6.23,1976,108.3
Houston Rockets,,-0.71,1976,104.7
Kansas City Kings,,-2.83,1976,105.7
Los Angeles Lakers,,0.18,1976,108.0
Milwaukee Bucks*,,-1.55,1976,103.9
New Orleans Jazz,,-0.74,1976,106.7
New York Knicks,,-1.05,1976,104.1
Philadelphia 76ers*,,0.33,1976,107.5
Phoenix Suns*,,0.59,1976,105.6
Portland Trail Blazers,,-1.11,1976,107.7
Seattle SuperSonics*,,-0.15,1976,107.7
Washington Bullets*,,2.2,1976,104.3
Atlanta Hawks,,-3.87,1977,104.6
Boston Celtics*,,-1.9,1977,107.5
Buffalo Braves,,-4.28,1977,107.3
Chicago Bulls*,,0.92,1977,100.0
Cleveland Cavaliers*,,1.08,1977,101.5
Denver Nuggets*,,4.95,1977,111.2
Detroit Pistons*,,-1.0,1977,108.8
Golden State Warriors*,,3.1,1977,107.8
Houston Rockets*,,1.44,1977,101.3
Indiana Pacers,,-1.68,1977,107.1
Kansas City Kings,,0.93,1977,106.4
Los Angeles Lakers*,,2.64,1977,104.7
Milwaukee Bucks,,-2.99,1977,108.3
New Orleans Jazz,,-2.68,1977,107.2
New York Knicks,,0.01,1977,108.1
New York Nets,,-6.54,1977,103.7
Philadelphia 76ers*,,3.78,1977,108.3
Phoenix Suns,,0.64,1977,106.6
Portland Trail Blazers*,,5.39,1977,108.0
San Antonio Spurs*,,0.53,1977,111.8
Seattle SuperSonics,,-1.43,1977,106.8
Washington Bullets*,,0.9,1977,105.9
Atlanta Hawks*,,-0.13,1978,103.3
Boston Celtics,,-1.86,1978,105.9
Buffalo Braves,,-3.55,1978,104.3
Chicago Bulls,,-0.79,1978,101.5
Cleveland Cavaliers*,,0.44,1978,103.5
Denver Nuggets*,,0.8,1978,108.5
Detroit Pistons,,-1.22,1978,107.7
Golden State Warriors,,0.41,1978,106.0
Houston Rockets,,-3.83,1978,101.3
Indiana Pacers,,-2.37,1978,108.2
Kansas City Kings,,-1.76,1978,108.2
Los Angeles Lakers*,,2.59,1978,106.1
Milwaukee Bucks*,,-0.59,1978,108.7
New Jersey Nets,,-5.61,1978,110.9
New Orleans Jazz,,-1.8,1978,108.3
New York Knicks*,,-0.53,1978,109.7
Philadelphia 76ers*,,4.87,1978,108.4
Phoenix Suns*,,3.5,1978,111.4
Portland Trail Blazers*,,5.92,1978,104.2
San Antonio Spurs*,,3.2,1978,109.0
Seattle SuperSonics*,,1.48,1978,104.8
Washington Bullets*,,0.82,1978,108.1
Atlanta Hawks*,,1.92,1979,102.5
Boston Celtics,,-4.78,1979,106.5
Chicago Bulls,,-3.78,1979,102.9
Cleveland Cavaliers,,-3.57,1979,102.7
Denver Nuggets*,,1.24,1979,105.9
Detroit Pistons,,-2.6,1979,107.2
Golden State Warriors,,0.46,1979,102.2
Houston Rockets*,,0.92,1979,103.8
Indiana Pacers,,-1.41,1979,105.3
Kansas City Kings*,,2.73,1979,107.3
Los Angeles Lakers*,,2.95,1979,105.9
Milwaukee Bucks,,2.12,1979,106.5
New Jersey Nets*,,-4.0,1979,109.5
New Orleans Jazz,,-5.97,1979,108.6
New York Knicks,,-3.29,1979,104.9
Philadelphia 76ers*,,1.74,1979,106.7
Phoenix Suns*,,3.55,1979,108.5
Portland Trail Blazers*,,1.12,1979,103.4
San Antonio Spurs*,,4.97,1979,110.6
San Diego Clippers,,-1.76,1979,106.3
Seattle SuperSonics*,,2.69,1979,103.4
Washington Bullets*,,4.75,1979,106.5
Atlanta Hawks*,0.9,2.83,1980,98.9
Boston Celtics*,5.1,7.37,1980,102.6
Chicago Bulls,3.4,-2.63,1980,101.8
Cleveland Cavaliers,2.3,0.43,1980,105.6
Denver Nuggets,3.1,-4.22,1980,103.9
Detroit Pistons,2.7,-7.57,1980,107.1
Golden State Warriors,1.5,-4.2,1980,100.5
Houston Rockets*,4.6,0.27,1980,101.2
Indiana Pacers,3.8,-0.54,1980,104.4
Kansas City Kings*,1.4,2.82,1980,103.2
Los Angeles Lakers*,1.2,5.4,1980,104.1
Milwaukee Bucks*,1.9,3.57,1980,102.4
New Jersey Nets,3.6,-0.98,1980,106.1
New York Knicks,2.3,-0.96,1980,106.5
Philadelphia 76ers*,1.5,4.04,1980,103.0
Phoenix Suns*,3.4,3.25,1980,104.8
Portland Trail Blazers*,1.6,-0.87,1980,98.6
San Antonio Spurs*,2.5,-0.24,1980,109.5
San Diego Clippers,6.6,-3.97,1980,101.4
Seattle SuperSonics*,2.3,4.24,1980,101.8
Utah Jazz,2.3,-5.71,1980,97.6
Washington Bullets*,2.9,-2.27,1980,102.6
Atlanta Hawks,1.0,-2.37,1981,99.4
Boston Celtics*,2.9,6.05,1981,100.8
Chicago Bulls*,2.2,2.34,1981,100.6
Cleveland Cavaliers,3.0,-4.15,1981,100.8
Dallas Mavericks,2.0,-8.33,1981,98.6
Denver Nuggets,1.8,-0.95,1981,109.8
Detroit Pistons,1.0,-5.58,1981,101.2
Golden State Warriors,2.6,-1.41,1981,101.0
Houston Rockets*,1.4,-0.2,1981,100.5
Indiana Pacers*,2.1,1.72,1981,100.9
Kansas City Kings*,2.0,-0.49,1981,101.3
Los Angeles Lakers*,1.1,3.27,1981,102.7
Milwaukee Bucks*,1.6,7.14,1981,103.6
New Jersey Nets,1.7,-5.15,1981,105.2
New York Knicks*,2.9,2.0,1981,101.0
Philadelphia 76ers*,1.0,7.76,1981,103.4
Phoenix Suns*,2.0,4.83,1981,104.7
Portland Trail Blazers*,1.8,0.52,1981,103.0
San Antonio Spurs*,1.0,2.18,1981,102.9
San Diego Clippers,5.0,-1.78,1981,100.2
Seattle SuperSonics,1.4,-1.84,1981,100.3
Utah Jazz,2.0,-5.99,1981,97.7
Washington Bullets,2.9,0.42,1981,102.4
Atlanta Hawks*,1.6,0.81,1982,95.1
Boston Celtics*,2.2,6.35,1982,101.5
Chicago Bulls,2.6,-1.57,1982,99.0
Cleveland Cavaliers,1.7,-7.77,1982,99.3
Dallas Mavericks,2.3,-4.48,1982,98.5
Denver Nuggets*,1.8,0.13,1982,109.8
Detroit Pistons,2.6,-0.63,1982,104.3
Golden State Warriors,4.0,0.8,1982,101.4
Houston Rockets*,2.1,-0.39,1982,97.2
Indiana Pacers,3.9,-1.49,1982,98.7
Kansas City Kings,1.6,-3.25,1982,101.8
Los Angeles Lakers*,1.1,4.37,1982,103.1
Milwaukee Bucks*,2.0,5.38,1982,100.0
New Jersey Nets*,1.8,0.87,1982,103.1
New York Knicks,2.6,-2.15,1982,99.5
Philadelphia 76ers*,1.7,5.74,1982,100.6
Phoenix Suns*,2.1,3.05,1982,99.5
Portland Trail Blazers,1.7,0.39,1982,100.5
San Antonio Spurs*,3.1,1.79,1982,102.5
San Diego Clippers,4.1,-7.05,1982,101.4
Seattle SuperSonics*,1.9,3.69,1982,100.0
Utah Jazz,1.2,-5.63,1982,103.9
Washington Bullets*,2.9,1.06,1982,99.4
Atlanta Hawks*,2.3,-0.72,1983,98.9
Boston Celtics*,2.3,5.34,1983,104.0
Chicago Bulls,2.5,-4.41,1983,106.1
Cleveland Cavaliers,1.5,-6.78,1983,97.6
Dallas Mavericks,2.3,-0.7,1983,102.8
Denver Nuggets*,1.5,0.27,1983,112.1
Detroit Pistons,3.3,-0.17,1983,105.8
Golden State Warriors,1.8,-3.48,1983,104.0
Houston Rockets,3.3,-11.12,1983,102.2
Indiana Pacers,2.9,-5.36,1983,103.9
Kansas City Kings,2.6,1.04,1983,106.6
Los Angeles Lakers*,1.2,5.06,1983,103.8
Milwaukee Bucks*,2.1,4.32,1983,100.0
New Jersey Nets*,1.8,2.77,1983,104.0
New York Knicks*,1.6,2.58,1983,97.0
Philadelphia 76ers*,1.3,7.53,1983,102.7
Phoenix Suns*,1.9,4.61,1983,101.6
Portland Trail Blazers*,1.8,1.88,1983,101.0
San Antonio Spurs*,3.8,3.1,1983,103.3
San Diego Clippers,3.2,-4.61,1983,103.0
Seattle SuperSonics*,1.7,2.88,1983,103.2
Utah Jazz,2.2,-4.22,1983,107.3
Washington Bullets,2.9,0.2,1983,99.4
Atlanta Hawks*,1.3,-1.08,1984,95.3
Boston Celtics*,2.8,6.42,1984,99.7
Chicago Bulls,1.4,-4.69,1984,99.8
Cleveland Cavaliers,2.0,-3.71,1984,97.4
Dallas Mavericks*,2.2,0.15,1984,99.0
Denver Nuggets*,3.1,-1.27,1984,110.5
Detroit Pistons*,1.7,3.52,1984,103.8
Golden State Warriors,2.8,-3.35,1984,103.3
Houston Rockets,1.9,-3.12,1984,104.7
Indiana Pacers,2.5,-4.25,1984,102.1
Kansas City Kings*,2.3,-1.62,1984,102.9
Los Angeles Lakers*,2.8,3.32,1984,103.7
Milwaukee Bucks*,2.8,4.04,1984,96.9
New Jersey Nets*,2.8,1.27,1984,103.0
New York Knicks*,2.0,3.79,1984,99.0
Philadelphia 76ers*,1.3,2.39,1984,99.6
Phoenix Suns*,3.5,0.65,1984,101.4
Portland Trail Blazers*,1.6,3.13,1984,101.1
San Antonio Spurs,3.2,-0.5,1984,106.5
San Diego Clippers,1.6,-3.21,1984,101.1
Seattle SuperSonics*,1.7,-0.34,1984,99.7
Utah Jazz*,3.9,0.81,1984,104.9
Washington Bullets*,3.4,-2.36,1984,97.4
Atlanta Hawks,2.9,-1.14,1985,99.8
Boston Celtics*,3.8,6.47,1985,101.6
Chicago Bulls*,2.0,-0.5,1985,99.4
Cleveland Cavaliers*,4.1,-2.27,1985,101.9
Dallas Mavericks*,5.4,1.8,1985,98.8
Denver Nuggets*,2.9,2.05,1985,107.6
Detroit Pistons*,2.4,2.73,1985,105.0
Golden State Warriors,4.8,-7.21,1985,103.2
Houston Rockets*,2.3,1.38,1985,102.2
Indiana Pacers,1.9,-5.46,1985,105.1
Kansas City Kings,2.9,-2.71,1985,104.4
Los Angeles Clippers,2.3,-4.55,1985,101.0
Los Angeles Lakers*,3.6,6.48,1985,103.2
Milwaukee Bucks*,3.6,6.69,1985,99.7
New Jersey Nets*,2.7,0.64,1985,101.1
New York Knicks,2.4,-4.09,1985,99.5
Philadelphia 76ers*,2.7,4.17,1985,100.8
Phoenix Suns*,3.7,-2.34,1985,102.5
Portland Trail Blazers*,2.5,2.8,1985,103.6
San Antonio Spurs*,2.5,0.63,1985,103.9
Seattle SuperSonics,2.3,-5.44,1985,99.3
Utah Jazz*,3.7,-0.33,1985,105.1
Washington Bullets*,4.9,0.15,1985,100.3
Atlanta Hawks*,2.0,2.59,1986,100.0
Boston Celtics*,4.8,9.06,1986,101.2
Chicago Bulls*,3.9,-3.12,1986,99.7
Cleveland Cavaliers,4.8,-2.19,1986,101.6
Dallas Mavericks*,5.4,0.7,1986,102.2
Denver Nuggets*,3.7,0.89,1986,106.7
Detroit Pistons*,2.2,1.44,1986,104.2
Golden State Warriors,3.4,-3.59,1986,104.2
Houston Rockets*,3.8,2.1,1986,103.5
Indiana Pacers,1.7,-2.66,1986,100.9
Los Angeles Clippers,2.8,-6.83,1986,102.7
Los Angeles Lakers*,5.0,6.84,1986,102.7
Milwaukee Bucks*,4.7,8.69,1986,102.1
New Jersey Nets*,2.6,-1.39,1986,103.3
New York Knicks,2.9,-4.82,1986,98.6
Philadelphia 76ers*,2.7,2.46,1986,100.5
Phoenix Suns,2.2,-3.16,1986,104.8
Portland Trail Blazers*,3.4,0.61,1986,104.5
Sacramento Kings*,1.6,-3.19,1986,102.0
San Antonio Spurs*,2.4,-2.06,1986,103.8
Seattle SuperSonics,3.7,-0.47,1986,97.4
Utah Jazz*,2.1,-0.67,1986,103.3
Washington Bullets*,5.0,-1.28,1986,99.1
Atlanta Hawks*,5.2,7.18,1987,97.4
Boston Celtics*,6.9,6.57,1987,98.6
Chicago Bulls*,3.6,1.26,1987,95.8
Cleveland Cavaliers,4.1,-3.19,1987,101.3
Dallas Mavericks*,8.0,5.54,1987,100.5
Denver Nuggets*,4.8,-1.14,1987,106.2
Detroit Pistons*,2.1,3.51,1987,101.0
Golden State Warriors*,4.4,-2.54,1987,101.7
Houston Rockets*,4.0,0.6,1987,99.9
Indiana Pacers*,3.9,-0.17,1987,98.8
Los Angeles Clippers,4.2,-11.0,1987,102.7
Los Angeles Lakers*,5.5,8.32,1987,101.6
Milwaukee Bucks*,7.0,4.04,1987,100.3
New Jersey Nets,5.5,-4.42,1987,101.8
New York Knicks,4.6,-5.42,1987,98.5
Philadelphia 76ers*,4.1,0.11,1987,97.3
Phoenix Suns,3.1,-2.63,1987,102.0
Portland Trail Blazers*,4.1,2.57,1987,105.0
Sacramento Kings,3.7,-3.34,1987,101.3
San Antonio Spurs,4.9,-5.09,1987,101.7
Seattle SuperSonics*,7.0,0.08,1987,101.8
Utah Jazz*,5.5,0.04,1987,103.2
Washington Bullets*,2.7,-1.02,1987,100.2
Atlanta Hawks*,3.4,4.02,1988,96.4
Boston Celtics*,8.6,6.15,1988,97.9
Chicago Bulls*,3.0,3.76,1988,95.5
Cleveland Cavaliers*,4.1,1.28,1988,97.3
Dallas Mavericks*,6.4,3.59,1988,97.0
Denver Nuggets*,6.9,3.32,1988,105.5
Detroit Pistons*,2.5,5.46,1988,98.3
Golden State Warriors,3.8,-8.38,1988,101.6
Houston Rockets*,3.5,0.82,1988,101.8
Indiana Pacers,5.9,-0.18,1988,98.0
Los Angeles Clippers,3.9,-10.24,1988,100.8
Los Angeles Lakers*,5.8,4.81,1988,99.1
Milwaukee Bucks*,5.0,1.21,1988,97.6
New Jersey Nets,5.5,-6.98,1988,98.6
New York Knicks*,6.9,0.14,1988,99.1
Philadelphia 76ers,5.7,-0.79,1988,96.0
Phoenix Suns,4.4,-4.8,1988,101.2
Portland Trail Blazers*,4.6,3.59,1988,103.6
Sacramento Kings,5.5,-5.84,1988,100.9
San Antonio Spurs*,5.0,-5.02,1988,104.4
Seattle SuperSonics*,7.8,1.29,1988,100.2
Utah Jazz*,4.9,2.96,1988,101.5
Washington Bullets*,1.7,-0.16,1988,98.1
Atlanta Hawks*,4.8,5.26,1989,98.3
Boston Celtics*,3.8,1.26,1989,98.1
Charlotte Hornets,5.2,-7.74,1989,100.3
Chicago Bulls*,6.5,2.13,1989,97.0
Cleveland Cavaliers*,5.8,7.95,1989,98.0
Dallas Mavericks,8.3,-1.79,1989,95.9
Denver Nuggets*,8.2,0.91,1989,107.5
Detroit Pistons*,4.9,6.24,1989,95.5
Golden State Warriors*,7.7,-0.59,1989,107.3
Houston Rockets*,6.4,0.22,1989,101.8
Indiana Pacers,7.5,-3.0,1989,99.2
Los Angeles Clippers,2.9,-9.5,1989,104.4
Los Angeles Lakers*,8.1,6.38,1989,100.1
Miami Heat,3.6,-11.13,1989,99.1
Milwaukee Bucks*,6.9,4.11,1989,98.6
New Jersey Nets,6.9,-5.69,1989,100.1
New York Knicks*,14.0,3.62,1989,104.4
Philadelphia 76ers*,7.9,1.68,1989,98.5
Phoenix Suns*,5.9,6.84,1989,104.5
Portland Trail Blazers*,7.9,0.92,1989,103.9
Sacramento Kings,10.0,-5.35,1989,100.5
San Antonio Spurs,3.6,-7.45,1989,104.1
Seattle SuperSonics*,9.4,2.44,1989,100.1
Utah Jazz*,4.6,4.01,1989,98.0
Washington Bullets,3.0,-1.77,1989,100.8
Atlanta Hawks,5.0,0.64,1990,95.8
Boston Celtics*,4.9,3.23,1990,98.2
Charlotte Hornets,7.5,-7.0,1990,98.1
Chicago Bulls*,8.2,2.74,1990,96.7
Cleveland Cavaliers*,10.4,-0.62,1990,95.0
Dallas Mavericks*,5.9,0.42,1990,94.5
Denver Nuggets*,8.3,1.56,1990,105.4
Detroit Pistons*,6.6,5.41,1990,94.4
Golden State Warriors,9.1,-2.55,1990,105.9
Houston Rockets*,6.0,1.71,1990,101.2
Indiana Pacers*,9.4,-0.18,1990,97.0
Los Angeles Clippers,2.8,-2.8,1990,99.2
Los Angeles Lakers*,10.3,6.74,1990,96.3
Miami Heat,3.7,-9.59,1990,101.0
Milwaukee Bucks*,8.2,-1.06,1990,98.0
Minnesota Timberwolves,3.6,-3.6,1990,91.1
New Jersey Nets,6.2,-7.82,1990,99.3
New York Knicks*,8.7,0.78,1990,98.2
Orlando Magic,4.8,-8.73,1990,104.1
Philadelphia 76ers*,6.6,4.23,1990,96.5
Phoenix Suns*,6.6,7.09,1990,100.7
Portland Trail Blazers*,6.9,6.48,1990,102.3
Sacramento Kings,7.9,-4.41,1990,96.7
San Antonio Spurs*,2.8,3.58,1990,98.5
Seattle SuperSonics,7.9,1.4,1990,95.3
Utah Jazz*,7.7,4.82,1990,96.1
Washington Bullets,2.4,-2.43,1990,99.4
Atlanta Hawks*,10.2,0.72,1991,98.6
Boston Celtics*,4.2,5.22,1991,98.5
Charlotte Hornets,5.1,-4.95,1991,97.3
Chicago Bulls*,5.2,8.57,1991,95.6
Cleveland Cavaliers,5.8,-2.33,1991,95.1
Dallas Mavericks,7.3,-4.27,1991,94.2
Denver Nuggets,12.9,-10.31,1991,113.7
Detroit Pistons*,5.4,3.08,1991,91.9
Golden State Warriors*,9.8,1.72,1991,103.6
Houston Rockets*,12.1,3.27,1991,98.5
Indiana Pacers*,9.1,-0.37,1991,99.4
Los Angeles Clippers,5.3,-3.16,1991,99.9
Los Angeles Lakers*,9.1,6.73,1991,94.1
Miami Heat,5.7,-5.91,1991,99.3
Milwaukee Bucks*,9.2,2.33,1991,96.1
Minnesota Timberwolves,4.6,-3.75,1991,92.3
New Jersey Nets,7.1,-4.53,1991,99.3
New York Knicks*,6.8,-0.43,1991,95.0
Orlando Magic,9.2,-3.79,1991,99.5
Philadelphia 76ers*,7.5,-0.39,1991,95.7
Phoenix Suns*,5.3,6.49,1991,101.0
Portland Trail Blazers*,11.0,8.47,1991,100.5
Sacramento Kings,7.0,-6.27,1991,94.7
San Antonio Spurs*,3.6,4.3,1991,98.6
Seattle SuperSonics*,5.2,1.31,1991,96.2
Utah Jazz*,5.6,3.18,1991,95.3
Washington Bullets,3.5,-4.84,1991,97.5
Atlanta Hawks,8.2,-1.15,1992,97.8
Boston Celtics*,4.4,3.41,1992,95.8
Charlotte Hornets,4.5,-3.57,1992,101.7
Chicago Bulls*,5.5,10.07,1992,94.4
Cleveland Cavaliers*,8.6,5.34,1992,95.0
Dallas Mavericks,9.7,-7.47,1992,94.4
Denver Nuggets,5.1,-7.59,1992,98.6
Detroit Pistons*,6.4,2.06,1992,91.6
Golden State Warriors*,9.3,3.77,1992,103.4
Houston Rockets,11.7,-1.94,1992,95.1
Indiana Pacers*,11.5,1.85,1992,99.0
Los Angeles Clippers*,6.1,1.1,1992,96.5
Los Angeles Lakers*,5.4,-0.95,1992,92.5
Miami Heat*,9.2,-3.94,1992,97.7
Milwaukee Bucks,12.3,-1.46,1992,95.5
Minnesota Timberwolves,4.8,-6.85,1992,95.1
New Jersey Nets*,8.2,-1.54,1992,98.0
New York Knicks*,7.5,3.67,1992,92.9
Orlando Magic,7.4,-6.52,1992,98.0
Philadelphia 76ers,8.3,-1.34,1992,93.7
Phoenix Suns*,7.3,5.68,1992,99.4
Portland Trail Blazers*,11.5,6.94,1992,99.0
Sacramento Kings,8.2,-5.63,1992,99.6
San Antonio Spurs*,4.9,2.81,1992,96.2
Seattle SuperSonics*,7.9,1.86,1992,95.4
Utah Jazz*,5.6,5.7,1992,95.5
Washington Bullets,6.5,-4.35,1992,97.7
Atlanta Hawks*,13.1,-0.67,1993,97.6
Boston Celtics*,4.7,0.93,1993,94.9
Charlotte Hornets*,6.5,-0.02,1993,100.2
Chicago Bulls*,8.2,6.19,1993,92.5
Cleveland Cavaliers*,9.0,6.3,1993,94.8
Dallas Mavericks,10.2,-14.68,1993,99.5
Denver Nuggets,5.5,-2.14,1993,99.8
Detroit Pistons,11.1,-1.1,1993,93.2
Golden State Warriors,10.4,-0.94,1993,99.5
Houston Rockets*,13.1,3.57,1993,94.4
Indiana Pacers*,9.6,1.77,1993,96.0
Los Angeles Clippers*,6.0,0.33,1993,99.1
Los Angeles Lakers*,7.6,-1.2,1993,96.2
Miami Heat,11.5,-0.93,1993,94.6
Milwaukee Bucks,11.4,-3.26,1993,96.1
Minnesota Timberwolves,6.9,-7.62,1993,93.8
New Jersey Nets*,6.0,1.2,1993,96.0
New York Knicks*,7.4,5.87,1993,94.5
Orlando Magic,10.8,1.35,1993,96.3
Philadelphia 76ers,11.5,-5.25,1993,98.5
Phoenix Suns*,13.4,6.27,1993,99.8
Portland Trail Blazers*,10.3,2.92,1993,99.1
Sacramento Kings,9.6,-3.0,1993,100.8
San Antonio Spurs*,8.4,2.21,1993,95.4
Seattle SuperSonics*,7.4,6.66,1993,96.0
Utah Jazz*,5.0,1.74,1993,96.5
Washington Bullets,7.0,-6.49,1993,97.7
Atlanta Hawks*,10.1,4.94,1994,94.2
Boston Celtics,5.8,-4.28,1994,95.6
Charlotte Hornets,11.2,-0.23,1994,97.5
Chicago Bulls*,8.0,2.87,1994,91.9
Cleveland Cavaliers*,9.9,3.64,1994,91.7
Dallas Mavericks,9.4,-8.19,1994,94.5
Denver Nuggets*,7.3,1.54,1994,96.1
Detroit Pistons,12.7,-7.46,1994,94.2
Golden State Warriors*,10.5,1.76,1994,99.1
Houston Rockets*,15.7,4.19,1994,95.0
Indiana Pacers*,6.1,3.26,1994,93.3
Los Angeles Clippers,10.1,-5.28,1994,99.6
Los Angeles Lakers,9.8,-3.93,1994,95.5
Miami Heat*,12.2,2.4,1994,93.8
Milwaukee Bucks,12.4,-6.24,1994,94.5
Minnesota Timberwolves,6.8,-6.55,1994,94.7
New Jersey Nets*,8.3,2.11,1994,95.5
New York Knicks*,11.1,6.48,1994,92.8
Orlando Magic*,13.9,3.68,1994,95.2
Philadelphia 76ers,11.5,-7.37,1994,95.7
Phoenix Suns*,12.7,4.68,1994,96.7
Portland Trail Blazers*,9.4,2.6,1994,98.8
Sacramento Kings,8.9,-5.32,1994,97.5
San Antonio Spurs*,8.7,5.05,1994,90.1
Seattle SuperSonics*,8.8,8.68,1994,95.1
Utah Jazz*,6.8,4.1,1994,93.1
Washington Bullets,9.1,-7.13,1994,95.9
Atlanta Hawks*,19.3,1.06,1995,89.8
Boston Celtics*,12.0,-1.92,1995,94.0
Charlotte Hornets*,17.2,2.87,1995,91.2
Chicago Bulls*,14.5,4.32,1995,92.0
Cleveland Cavaliers*,12.6,0.55,1995,84.8
Dallas Mavericks,14.6,-2.39,1995,94.7
Denver Nuggets*,14.1,0.96,1995,91.5
Detroit Pistons,17.0,-7.08,1995,93.2
Golden State Warriors,19.5,-4.9,1995,97.9
Houston Rockets*,21.4,2.32,1995,94.2
Indiana Pacers*,12.0,3.35,1995,90.0
Los Angeles Clippers,12.8,-8.43,1995,94.3
Los Angeles Lakers*,18.2,-0.01,1995,95.2
Miami Heat,14.4,-1.85,1995,92.9
Milwaukee Bucks,16.5,-4.3,1995,92.7
Minnesota Timberwolves,12.4,-8.22,1995,91.4
New Jersey Nets,15.8,-3.28,1995,92.3
New York Knicks*,17.6,2.78,1995,91.2
Orlando Magic*,17.2,6.44,1995,95.1
Philadelphia 76ers,11.4,-5.06,1995,91.0
Phoenix Suns*,19.3,3.86,1995,95.9
Portland Trail Blazers*,15.4,3.8,1995,93.8
Sacramento Kings,12.6,-0.74,1995,92.3
San Antonio Spurs*,14.1,5.9,1995,94.6
Seattle SuperSonics*,15.9,7.91,1995,95.5
Utah Jazz*,9.8,7.76,1995,92.6
Washington Bullets,15.4,-5.56,1995,94.5
Atlanta Hawks*,19.5,1.29,1996,89.6
Boston Celtics,17.7,-3.37,1996,96.2
Charlotte Hornets,18.5,-0.48,1996,91.6
Chicago Bulls*,16.5,11.8,1996,91.1
Cleveland Cavaliers*,19.3,2.49,1996,82.3
Dallas Mavericks,24.9,-4.71,1996,95.4
Denver Nuggets,14.0,-2.62,1996,92.2
Detroit Pistons*,16.5,2.45,1996,87.7
Golden State Warriors,14.6,-1.42,1996,93.4
Houston Rockets*,21.5,1.63,1996,93.2
Indiana Pacers*,11.9,3.11,1996,89.3
Los Angeles Clippers,16.8,-3.46,1996,93.2
Los Angeles Lakers*,16.6,4.21,1996,92.4
Miami Heat*,17.8,1.46,1996,91.1
Milwaukee Bucks,12.9,-4.92,1996,90.2
Minnesota Timberwolves,10.5,-5.14,1996,93.5
New Jersey Nets,9.1,-4.14,1996,90.9
New York Knicks*,15.7,2.24,1996,91.0
Orlando Magic*,20.1,5.4,1996,91.8
Philadelphia 76ers,17.5,-9.45,1996,92.2
Phoenix Suns*,12.0,0.28,1996,93.2
Portland Trail Blazers*,16.6,2.21,1996,92.6
Sacramento Kings*,14.6,-2.62,1996,93.4
San Antonio Spurs*,16.1,5.98,1996,93.3
Seattle SuperSonics*,19.5,7.4,1996,93.8
Toronto Raptors,14.2,-7.2,1996,93.2
Utah Jazz*,12.4,6.25,1996,90.0
Vancouver Grizzlies,13.8,-9.55,1996,91.0
Washington Bullets,14.8,0.99,1996,93.7
Atlanta Hawks*,22.4,5.52,1997,86.8
Boston Celtics,16.2,-6.62,1997,95.8
Charlotte Hornets*,16.9,2.13,1997,88.6
Chicago Bulls*,17.1,10.7,1997,90.0
Cleveland Cavaliers,15.7,2.32,1997,82.9
Dallas Mavericks,16.0,-6.47,1997,89.0
Denver Nuggets,20.9,-6.4,1997,92.4
Detroit Pistons*,18.3,5.45,1997,84.5
Golden State Warriors,16.6,-4.9,1997,91.9
Houston Rockets*,22.4,3.85,1997,91.6
Indiana Pacers,13.8,1.49,1997,89.0
Los Angeles Clippers*,16.3,-2.66,1997,91.3
Los Angeles Lakers*,18.3,3.66,1997,91.1
Miami Heat*,22.7,5.56,1997,88.2
Milwaukee Bucks,11.2,-1.38,1997,89.5
Minnesota Timberwolves*,13.3,-1.82,1997,90.7
New Jersey Nets,16.7,-3.89,1997,92.4
New York Knicks*,15.8,3.31,1997,90.5
Orlando Magic*,20.3,-0.07,1997,88.3
Philadelphia 76ers,16.5,-5.89,1997,95.3
Phoenix Suns*,17.4,0.21,1997,93.2
Portland Trail Blazers*,17.1,3.56,1997,90.9
Sacramento Kings,12.9,-3.64,1997,91.0
San Antonio Spurs,14.4,-7.93,1997,87.3
Seattle SuperSonics*,19.3,6.91,1997,90.3
Toronto Raptors,19.8,-2.56,1997,90.6
Utah Jazz*,11.0,7.97,1997,90.0
Vancouver Grizzlies,15.5,-10.17,1997,88.4
Washington Bullets*,12.2,1.77,1997,92.4
Atlanta Hawks*,12.4,3.85,1998,87.7
Boston Celtics,15.2,-1.96,1998,93.3
Charlotte Hornets*,11.0,2.45,1998,89.4
Chicago Bulls*,11.7,7.24,1998,89.0
Cleveland Cavaliers*,9.8,3.06,1998,89.9
Dallas Mavericks,14.4,-6.33,1998,89.9
Denver Nuggets,10.9,-11.74,1998,89.7
Detroit Pistons,11.4,1.95,1998,88.2
Golden State Warriors,8.5,-9.2,1998,91.4
Houston Rockets*,20.4,-1.23,1998,91.0
Indiana Pacers*,12.5,6.25,1998,87.9
Los Angeles Clippers,17.9,-7.53,1998,92.4
Los Angeles Lakers*,17.3,6.88,1998,93.6
Miami Heat*,18.8,5.09,1998,87.9
Milwaukee Bucks,8.6,-1.33,1998,90.2
Minnesota Timberwolves*,10.6,0.17,1998,92.6
New Jersey Nets*,11.4,1.88,1998,91.0
New York Knicks*,13.9,2.74,1998,88.2
Orlando Magic,11.1,-0.53,1998,87.1
Philadelphia 76ers,9.9,-1.89,1998,90.5
Phoenix Suns*,14.8,4.44,1998,91.4
Portland Trail Blazers*,12.8,0.83,1998,90.0
Sacramento Kings,9.8,-5.83,1998,92.1
San Antonio Spurs*,10.5,3.3,1998,88.4
Seattle SuperSonics*,19.1,6.33,1998,89.8
Toronto Raptors,13.2,-8.33,1998,92.6
Utah Jazz*,8.2,5.73,1998,89.2
Vancouver Grizzlies,11.0,-7.47,1998,92.1
Washington Wizards,11.5,1.11,1998,91.8
Atlanta Hawks*,12.9,2.82,1999,85.3
Boston Celtics,15.2,-1.75,1999,91.5
Charlotte Hornets,14.7,0.63,1999,89.7
Chicago Bulls,12.2,-8.58,1999,88.1
Cleveland Cavaliers,10.7,-0.94,1999,86.4
Dallas Mavericks,11.9,-2.5,1999,89.0
Denver Nuggets,18.4,-6.67,1999,90.5
Detroit Pistons*,13.6,3.97,1999,86.3
Golden State Warriors,11.3,-2.63,1999,88.9
Houston Rockets*,18.3,1.39,1999,88.8
Indiana Pacers*,16.0,3.86,1999,86.4
Los Angeles Clippers,13.4,-8.94,1999,89.5
Los Angeles Lakers*,13.7,2.68,1999,91.6
Miami Heat*,16.1,5.11,1999,84.8
Milwaukee Bucks*,12.4,1.66,1999,87.0
Minnesota Timberwolves*,8.2,-0.17,1999,91.0
New Jersey Nets,13.6,-3.2,1999,91.5
New York Knicks*,11.8,1.45,1999,86.9
Orlando Magic*,13.5,3.11,1999,88.8
Philadelphia 76ers*,7.4,2.56,1999,88.6
Phoenix Suns*,14.0,2.15,1999,90.0
Portland Trail Blazers*,13.5,5.67,1999,89.2
Sacramento Kings*,18.9,-0.89,1999,96.0
San Antonio Spurs*,10.4,7.12,1999,88.6
Seattle SuperSonics,18.0,-1.43,1999,89.6
Toronto Raptors,13.2,-1.32,1999,88.8
Utah Jazz*,7.8,5.54,1999,87.0
Vancouver Grizzlies,9.1,-8.94,1999,89.0
Washington Wizards,11.6,-1.75,1999,89.8
Atlanta Hawks,9.9,-5.41,2000,91.7
Boston Celtics,15.4,-1.0,2000,94.6
Charlotte Hornets*,12.2,2.33,2000,93.9
Chicago Bulls,12.6,-9.23,2000,89.4
Cleveland Cavaliers,11.2,-3.64,2000,95.7
Dallas Mavericks,16.2,-0.29,2000,94.9
Denver Nuggets,17.0,-1.76,2000,94.7
Detroit Pistons*,14.9,1.13,2000,95.7
Golden State Warriors,13.0,-7.63,2000,95.4
Houston Rockets,19.8,-0.57,2000,94.2
Indiana Pacers*,18.1,4.15,2000,93.1
Los Angeles Clippers,15.5,-10.73,2000,93.9
Los Angeles Lakers*,12.8,8.41,2000,93.3
Miami Heat*,14.7,2.75,2000,89.7
Milwaukee Bucks*,13.0,-0.06,2000,92.7
Minnesota Timberwolves*,8.7,2.67,2000,91.8
New Jersey Nets,16.8,-1.18,2000,92.5
New York Knicks*,11.4,1.3,2000,89.2
Orlando Magic,10.6,0.43,2000,97.3
Philadelphia 76ers*,7.8,1.02,2000,92.7
Phoenix Suns*,15.2,5.24,2000,94.0
Portland Trail Blazers*,13.8,6.36,2000,89.9
Sacramento Kings*,20.2,3.04,2000,99.3
San Antonio Spurs*,10.8,5.92,2000,90.8
Seattle SuperSonics*,19.6,1.17,2000,93.4
Toronto Raptors*,14.3,-0.46,2000,92.5
Utah Jazz*,10.4,4.52,2000,89.6
Vancouver Grizzlies,11.0,-5.1,2000,91.0
Washington Wizards,10.9,-3.47,2000,92.7
Atlanta Hawks,11.4,-5.55,2001,91.9
Boston Celtics,19.9,-2.4,2001,92.6
Charlotte Hornets*,12.0,1.45,2001,89.4
Chicago Bulls,11.6,-9.09,2001,89.3
Cleveland Cavaliers,8.0,-4.48,2001,91.2
Dallas Mavericks*,16.5,4.61,2001,93.2
Denver Nuggets,17.6,-1.83,2001,92.6
Detroit Pistons,13.6,-2.08,2001,94.7
Golden State Warriors,11.8,-8.11,2001,94.1
Houston Rockets,17.2,2.71,2001,90.4
Indiana Pacers*,14.1,-0.77,2001,89.4
Los Angeles Clippers,13.0,-2.23,2001,89.6
Los Angeles Lakers*,15.5,3.74,2001,91.7
Miami Heat*,16.9,1.73,2001,87.1
Milwaukee Bucks*,18.1,3.14,2001,92.1
Minnesota Timberwolves*,11.0,1.81,2001,91.8
New Jersey Nets,13.2,-5.3,2001,91.8
New York Knicks*,13.6,1.98,2001,86.7
Orlando Magic*,16.4,0.39,2001,93.2
Philadelphia 76ers*,9.8,3.64,2001,90.6
Phoenix Suns*,12.9,2.63,2001,93.1
Portland Trail Blazers*,12.9,4.52,2001,89.1
Sacramento Kings*,16.5,6.07,2001,94.4
San Antonio Spurs*,13.3,7.92,2001,89.6
Seattle SuperSonics,14.3,0.55,2001,91.6
Toronto Raptors*,14.2,1.69,2001,90.9
Utah Jazz*,10.4,5.0,2001,89.8
Vancouver Grizzlies,11.5,-4.94,2001,91.7
Washington Wizards,10.3,-6.75,2001,92.7
Atlanta Hawks,14.6,-4.41,2002,91.9
Boston Celtics*,23.7,1.75,2002,92.5
Charlotte Hornets*,12.1,0.57,2002,89.7
Chicago Bulls,10.6,-8.52,2002,90.5
Cleveland Cavaliers,12.5,-3.52,2002,90.3
Dallas Mavericks*,20.1,4.41,2002,92.8
Denver Nuggets,15.7,-5.19,2002,90.4
Detroit Pistons*,18.4,1.69,2002,90.0
Golden State Warriors,12.1,-4.8,2002,94.5
Houston Rockets,18.0,-4.31,2002,88.2
Indiana Pacers*,14.6,-0.07,2002,91.9
Los Angeles Clippers,14.0,-0.09,2002,90.1
Los Angeles Lakers*,17.5,7.15,2002,92.1
Memphis Grizzlies,13.4,-6.74,2002,91.1
Miami Heat,11.0,-1.84,2002,87.4
Milwaukee Bucks,19.3,-0.62,2002,90.2
Minnesota Timberwolves*,12.8,3.58,2002,90.5
New Jersey Nets*,14.6,3.67,2002,91.8
New York Knicks,16.4,-4.15,2002,89.7
Orlando Magic*,20.2,1.25,2002,93.2
Philadelphia 76ers*,8.7,1.27,2002,88.9
Phoenix Suns,13.4,-0.3,2002,91.4
Portland Trail Blazers*,16.1,3.21,2002,89.3
Sacramento Kings*,14.1,7.61,2002,95.6
San Antonio Spurs*,14.8,6.28,2002,90.0
Seattle SuperSonics*,15.8,3.24,2002,89.0
Toronto Raptors*,13.5,-0.71,2002,88.8
Utah Jazz*,10.3,1.21,2002,90.3
Washington Wizards,9.6,-1.58,2002,88.3
Atlanta Hawks,13.9,-3.87,2003,91.0
Boston Celtics*,26.3,-0.75,2003,90.9
Chicago Bulls,12.2,-5.31,2003,93.5
Cleveland Cavaliers,10.9,-9.59,2003,94.0
Dallas Mavericks*,20.3,7.9,2003,92.5
Denver Nuggets,10.0,-7.41,2003,91.0
Detroit Pistons*,18.1,2.97,2003,86.8
Golden State Warriors,15.1,-0.6,2003,94.2
Houston Rockets,15.5,1.89,2003,88.8
Indiana Pacers*,13.6,2.79,2003,91.6
Los Angeles Clippers,14.4,-3.45,2003,91.3
Los Angeles Lakers*,16.7,2.71,2003,92.5
Memphis Grizzlies,15.6,-2.6,2003,92.7
Miami Heat,13.4,-5.13,2003,87.8
Milwaukee Bucks*,18.6,-0.24,2003,90.4
Minnesota Timberwolves*,9.8,2.46,2003,91.9
New Jersey Nets*,12.7,4.42,2003,91.6
New Orleans Hornets*,13.1,1.52,2003,89.4
New York Knicks,19.3,-1.61,2003,90.7
Orlando Magic*,19.4,-0.39,2003,93.1
Philadelphia 76ers*,9.6,1.76,2003,91.4
Phoenix Suns*,14.0,1.57,2003,91.5
Portland Trail Blazers*,14.0,2.97,2003,89.4
Sacramento Kings*,15.7,6.68,2003,95.4
San Antonio Spurs*,15.5,5.65,2003,90.0
Seattle SuperSonics,15.7,0.37,2003,88.0
Toronto Raptors,14.5,-6.1,2003,89.9
Utah Jazz*,7.8,2.76,2003,89.3
Washington Wizards,9.9,-1.47,2003,88.2
Atlanta Hawks,15.2,-5.0,2004,90.8
Boston Celtics*,19.5,-1.99,2004,93.2
Chicago Bulls,15.3,-6.69,2004,92.2
Cleveland Cavaliers,9.6,-3.07,2004,90.8
Dallas Mavericks*,17.8,4.86,2004,93.2
Denver Nuggets*,12.0,1.65,2004,93.3
Detroit Pistons*,11.8,5.04,2004,87.9
Golden State Warriors,15.6,-0.07,2004,89.8
Houston Rockets*,17.1,2.28,2004,87.8
Indiana Pacers*,15.6,4.93,2004,87.5
Los Angeles Clippers,12.5,-3.74,2004,91.0
Los Angeles Lakers*,13.6,4.35,2004,92.3
Memphis Grizzlies*,16.0,2.95,2004,91.4
Miami Heat*,16.5,-0.13,2004,88.0
Milwaukee Bucks*,14.0,0.42,2004,91.6
Minnesota Timberwolves*,10.9,5.86,2004,89.0
New Jersey Nets*,13.7,1.88,2004,89.4
New Orleans Hornets*,20.3,-0.72,2004,89.1
New York Knicks*,13.6,-1.97,2004,89.5
Orlando Magic,15.2,-7.25,2004,90.8
Philadelphia 76ers,12.1,-2.95,2004,88.0
Phoenix Suns,14.7,-2.94,2004,92.6
Portland Trail Blazers,13.4,-0.58,2004,86.2
Sacramento Kings*,18.3,5.41,2004,92.8
San Antonio Spurs*,13.9,7.51,2004,89.2
Seattle SuperSonics,23.6,0.02,2004,89.9
Toronto Raptors,15.8,-3.42,2004,86.8
Utah Jazz,9.6,-0.53,2004,86.6
Washington Wizards,15.5,-6.12,2004,92.2
Atlanta Hawks,11.9,-9.62,2005,91.4
Boston Celtics*,15.3,0.35,2005,93.3
Charlotte Bobcats,10.7,-6.15,2005,92.3
Chicago Bulls*,17.5,0.65,2005,92.4
Cleveland Cavaliers,11.0,0.27,2005,89.7
Dallas Mavericks*,15.5,5.86,2005,92.7
Denver Nuggets*,11.5,2.23,2005,93.5
Detroit Pistons*,12.8,3.31,2005,87.2
Golden State Warriors,21.6,-1.74,2005,93.3
Houston Rockets*,18.5,4.27,2005,88.8
Indiana Pacers*,19.2,0.49,2005,87.2
Los Angeles Clippers,8.2,-0.47,2005,89.1
Los Angeles Lakers,22.1,-2.32,2005,90.8
Memphis Grizzlies*,18.1,2.64,2005,88.5
Miami Heat*,15.4,5.77,2005,90.8
Milwaukee Bucks,11.3,-3.09,2005,90.8
Minnesota Timberwolves,14.0,1.73,2005,89.1
New Jersey Nets*,14.7,-1.82,2005,89.1
New Orleans Hornets,16.0,-6.3,2005,87.6
New York Knicks,15.1,-2.72,2005,90.7
Orlando Magic,11.2,-2.52,2005,94.7
Philadelphia 76ers*,17.7,-1.07,2005,94.9
Phoenix Suns*,24.7,7.08,2005,95.9
Portland Trail Blazers,14.2,-3.45,2005,89.8
Sacramento Kings*,17.0,2.56,2005,93.0
San Antonio Spurs*,17.0,7.84,2005,88.9
Seattle SuperSonics*,22.2,2.59,2005,87.9
Toronto Raptors,20.5,-1.81,2005,92.7
Utah Jazz,9.3,-3.74,2005,88.4
Washington Wizards*,18.3,-0.71,2005,93.3
Atlanta Hawks,14.1,-4.69,2006,90.4
Boston Celtics,15.7,-1.59,2006,92.2
Charlotte Bobcats,15.4,-3.9,2006,93.4
Chicago Bulls*,18.0,0.51,2006,92.9
Cleveland Cavaliers*,17.9,2.17,2006,89.8
Dallas Mavericks*,13.6,5.96,2006,87.8
Denver Nuggets*,13.1,0.36,2006,93.9
Detroit Pistons*,17.7,6.24,2006,86.8
Golden State Warriors,22.3,-1.11,2006,93.3
Houston Rockets,17.2,-1.3,2006,88.0
Indiana Pacers*,18.7,1.62,2006,89.7
Los Angeles Clippers*,10.3,1.75,2006,91.7
Los Angeles Lakers*,19.3,2.53,2006,90.9
Memphis Grizzlies*,19.2,3.74,2006,86.3
Miami Heat*,17.6,3.59,2006,91.6
Milwaukee Bucks*,16.3,-1.07,2006,91.2
Minnesota Timberwolves,11.5,-1.75,2006,88.8
New Jersey Nets*,17.6,1.11,2006,89.8
New Orleans/Oklahoma City Hornets,10.8,-2.51,2006,89.0
New York Knicks,10.8,-6.3,2006,90.8
Orlando Magic,9.7,-1.26,2006,88.3
Philadelphia 76ers,12.6,-2.1,2006,92.7
Phoenix Suns*,25.6,5.48,2006,95.8
Portland Trail Blazers,12.7,-8.91,2006,87.6
Sacramento Kings*,17.2,1.61,2006,91.9
San Antonio Spurs*,16.6,6.69,2006,88.5
Seattle SuperSonics,19.9,-2.88,2006,91.6
Toronto Raptors,19.8,-3.03,2006,91.1
Utah Jazz,11.3,-2.49,2006,87.8
Washington Wizards*,17.0,1.57,2006,92.3
Atlanta Hawks,12.7,-4.86,2007,90.0
Boston Celtics,15.6,-3.7,2007,92.0
Charlotte Bobcats,15.6,-3.97,2007,92.0
Chicago Bulls*,15.1,4.52,2007,93.6
Cleveland Cavaliers*,17.1,3.33,2007,90.8
Dallas Mavericks*,17.1,7.28,2007,89.5
Denver Nuggets*,17.6,1.69,2007,97.4
Detroit Pistons*,15.9,3.69,2007,87.3
Golden State Warriors*,24.0,0.0,2007,99.2
Houston Rockets*,23.1,5.04,2007,90.7
Indiana Pacers,16.9,-2.62,2007,92.4
Los Angeles Clippers,11.0,-0.07,2007,90.8
Los Angeles Lakers*,21.0,0.24,2007,93.5
Memphis Grizzlies,16.6,-4.44,2007,93.6
Miami Heat*,18.8,-1.21,2007,89.9
Milwaukee Bucks,18.0,-4.43,2007,92.3
Minnesota Timberwolves,13.3,-3.16,2007,91.0
New Jersey Nets*,20.4,-1.0,2007,91.4
New Orleans/Oklahoma City Hornets,15.3,-1.19,2007,90.2
New York Knicks,16.7,-3.06,2007,90.8
Orlando Magic*,11.7,0.35,2007,89.9
Philadelphia 76ers,10.0,-3.26,2007,90.7
Phoenix Suns*,24.0,7.28,2007,95.6
Portland Trail Blazers,15.0,-3.78,2007,88.3
Sacramento Kings,18.5,-1.35,2007,94.8
San Antonio Spurs*,19.0,8.35,2007,89.8
Seattle SuperSonics,17.7,-2.45,2007,91.8
Toronto Raptors*,17.9,0.61,2007,92.6
Utah Jazz*,12.9,3.06,2007,91.6
Washington Wizards*,19.7,-0.8,2007,94.1
Atlanta Hawks*,13.1,-2.23,2008,91.1
Boston Celtics*,19.1,9.3,2008,90.9
Charlotte Bobcats,17.6,-4.49,2008,91.8
Chicago Bulls,15.9,-3.19,2008,93.0
Cleveland Cavaliers*,18.8,-0.53,2008,90.2
Dallas Mavericks*,17.1,4.7,2008,90.2
Denver Nuggets*,19.6,3.74,2008,99.7
Detroit Pistons*,16.2,6.67,2008,87.3
Golden State Warriors,26.6,2.38,2008,98.8
Houston Rockets*,20.8,4.83,2008,90.4
Indiana Pacers,24.6,-1.87,2008,97.7
Los Angeles Clippers,13.2,-6.56,2008,92.1
Los Angeles Lakers*,21.4,7.34,2008,95.6
Memphis Grizzlies,21.7,-5.76,2008,95.3
Miami Heat,16.7,-8.53,2008,90.2
Milwaukee Bucks,16.0,-6.92,2008,91.3
Minnesota Timberwolves,15.4,-6.26,2008,91.9
New Jersey Nets,17.4,-5.15,2008,91.5
New Orleans Hornets*,19.8,5.46,2008,89.9
New York Knicks,17.7,-6.55,2008,91.6
Orlando Magic*,25.3,4.79,2008,93.4
Philadelphia 76ers*,11.6,0.19,2008,90.4
Phoenix Suns*,21.5,5.14,2008,96.7
Portland Trail Blazers,17.4,-0.52,2008,87.9
Sacramento Kings,16.7,-1.86,2008,94.7
San Antonio Spurs*,19.6,5.1,2008,88.8
Seattle SuperSonics,11.5,-8.04,2008,96.3
Toronto Raptors*,17.8,2.47,2008,90.2
Utah Jazz*,13.4,6.86,2008,93.2
Washington Wizards*,19.7,-0.61,2008,89.5
Atlanta Hawks*,19.9,1.7,2009,89.6
Boston Celtics*,16.5,7.44,2009,90.4
Charlotte Bobcats,16.3,-1.2,2009,88.3
Chicago Bulls*,15.8,-0.16,2009,93.1
Cleveland Cavaliers*,20.4,8.68,2009,88.7
Dallas Mavericks*,19.9,1.68,2009,91.5
Denver Nuggets*,18.0,3.13,2009,94.3
Detroit Pistons*,13.2,-0.36,2009,86.7
Golden State Warriors,18.0,-3.8,2009,98.2
Houston Rockets*,20.2,3.73,2009,90.2
Indiana Pacers,21.0,-0.76,2009,96.5
Los Angeles Clippers,18.5,-8.47,2009,92.1
Los Angeles Lakers*,18.5,7.11,2009,94.3
Memphis Grizzlies,13.5,-5.23,2009,90.1
Miami Heat*,19.9,0.49,2009,89.9
Milwaukee Bucks,17.2,-0.88,2009,92.6
Minnesota Timberwolves,18.8,-4.74,2009,91.6
New Jersey Nets,21.2,-2.31,2009,89.9
New Orleans Hornets*,18.6,1.41,2009,87.8
New York Knicks,27.9,-2.33,2009,96.7
Oklahoma City Thunder,11.6,-6.04,2009,93.6
Orlando Magic*,26.2,6.48,2009,92.3
Philadelphia 76ers*,13.1,0.16,2009,90.0
Phoenix Suns,17.6,1.62,2009,96.0
Portland Trail Blazers*,19.0,5.0,2009,86.6
Sacramento Kings,19.4,-8.6,2009,94.2
San Antonio Spurs*,19.8,3.36,2009,88.4
Toronto Raptors,15.7,-2.54,2009,92.0
Utah Jazz*,13.7,2.31,2009,93.1
Washington Wizards,14.6,-6.98,2009,91.0
Atlanta Hawks*,17.7,4.44,2010,90.1
Boston Celtics*,17.5,3.37,2010,91.6
Charlotte Bobcats*,16.2,1.3,2010,90.4
Chicago Bulls*,13.0,-1.64,2010,93.1
Cleveland Cavaliers*,19.3,6.17,2010,91.4
Dallas Mavericks*,18.3,2.66,2010,92.5
Denver Nuggets*,18.5,4.15,2010,94.8
Detroit Pistons,14.5,-5.02,2010,88.5
Golden State Warriors,20.6,-3.28,2010,100.4
Houston Rockets,22.4,-0.02,2010,94.0
Indiana Pacers,23.1,-3.11,2010,97.1
Los Angeles Clippers,17.8,-6.01,2010,92.6
Los Angeles Lakers*,19.0,4.78,2010,92.8
Memphis Grizzlies,12.4,-1.39,2010,93.6
Miami Heat*,17.4,1.99,2010,89.6
Milwaukee Bucks*,22.1,1.37,2010,91.7
Minnesota Timberwolves,14.4,-9.06,2010,96.1
New Jersey Nets,14.5,-8.93,2010,91.4
New Orleans Hornets,19.2,-2.27,2010,92.6
New York Knicks,26.2,-4.01,2010,94.0
Oklahoma City Thunder*,15.0,3.55,2010,93.1
Orlando Magic*,27.3,7.12,2010,92.0
Philadelphia 76ers,16.8,-3.93,2010,91.6
Phoenix Suns*,21.6,4.67,2010,95.3
Portland Trail Blazers*,16.9,3.18,2010,87.7
Sacramento Kings,16.9,-4.06,2010,94.0
San Antonio Spurs*,18.9,5.07,2010,91.7
Toronto Raptors,17.0,-1.83,2010,93.1
Utah Jazz*,14.7,5.33,2010,93.8
Washington Wizards,14.9,-4.72,2010,91.6
Atlanta Hawks*,17.4,-1.1,2011,89.3
Boston Celtics*,13.6,4.83,2011,90.4
Charlotte Bobcats,14.7,-4.08,2011,89.6
Chicago Bulls*,17.3,6.53,2011,90.4
Cleveland Cavaliers,18.2,-8.88,2011,93.0
Dallas Mavericks*,21.6,4.41,2011,91.3
Denver Nuggets*,20.8,4.81,2011,95.6
Detroit Pistons,15.3,-3.78,2011,89.2
Golden State Warriors,21.3,-2.0,2011,94.8
Houston Rockets,22.5,2.37,2011,94.2
Indiana Pacers*,20.2,-1.38,2011,94.7
Los Angeles Clippers,18.5,-2.71,2011,92.8
Los Angeles Lakers*,18.1,6.01,2011,90.7
Memphis Grizzlies*,11.3,2.55,2011,91.9
Miami Heat*,18.0,6.76,2011,90.9
Milwaukee Bucks,17.2,-1.02,2011,89.8
Minnesota Timberwolves,19.1,-5.97,2011,96.5
New Jersey Nets,16.3,-6.28,2011,89.9
New Orleans Hornets*,15.0,1.28,2011,88.7
New York Knicks*,25.4,0.48,2011,95.6
Oklahoma City Thunder*,17.1,3.81,2011,92.7
Orlando Magic*,25.6,4.92,2011,91.2
Philadelphia 76ers*,15.2,1.01,2011,91.7
Phoenix Suns,22.6,-0.46,2011,94.4
Portland Trail Blazers*,18.3,1.85,2011,87.9
Sacramento Kings,15.6,-4.8,2011,95.2
San Antonio Spurs*,21.1,5.86,2011,92.3
Toronto Raptors,13.3,-6.28,2011,92.9
Utah Jazz,15.3,-1.44,2011,91.0
Washington Wizards,14.4,-7.3,2011,93.8
Atlanta Hawks*,20.2,2.67,2012,90.2
Boston Celtics*,15.0,2.26,2012,90.4
Charlotte Bobcats,13.5,-13.96,2012,91.1
Chicago Bulls*,16.9,7.43,2012,89.1
Cleveland Cavaliers,19.3,-7.34,2012,91.3
Dallas Mavericks*,22.2,1.78,2012,91.4
Denver Nuggets*,19.9,3.16,2012,94.2
Detroit Pistons,13.9,-5.19,2012,89.2
Golden State Warriors,20.5,-2.79,2012,92.3
Houston Rockets,20.2,0.57,2012,91.7
Indiana Pacers*,16.1,2.6,2012,90.7
Los Angeles Clippers*,21.8,2.82,2012,89.2
Los Angeles Lakers*,16.8,1.96,2012,90.5
Memphis Grizzlies*,12.9,2.43,2012,90.8
Miami Heat*,15.6,5.72,2012,91.2
Milwaukee Bucks,19.2,-0.23,2012,93.7
Minnesota Timberwolves,21.6,-1.83,2012,93.3
New Jersey Nets,22.4,-6.37,2012,90.1
New Orleans Hornets,11.8,-3.11,2012,88.3
New York Knicks*,23.3,2.39,2012,93.2
Oklahoma City Thunder*,20.0,6.44,2012,93.0
Orlando Magic*,27.0,0.46,2012,89.0
Philadelphia 76ers*,14.6,3.59,2012,89.7
Phoenix Suns,19.6,0.29,2012,92.6
Portland Trail Blazers,20.9,-0.22,2012,91.2
Sacramento Kings,19.7,-4.95,2012,94.7
San Antonio Spurs*,21.3,7.28,2012,92.9
Toronto Raptors,16.3,-3.67,2012,89.3
Utah Jazz*,12.8,0.92,2012,91.4
Washington Wizards,16.3,-5.14,2012,92.5
Atlanta Hawks*,23.2,-0.08,2013,92.6
Boston Celtics*,17.2,-0.62,2013,91.7
Brooklyn Nets*,21.5,1.25,2013,88.8
Charlotte Bobcats,17.1,-9.29,2013,91.5
Chicago Bulls*,15.4,-0.02,2013,89.3
Cleveland Cavaliers,19.3,-4.87,2013,92.3
Dallas Mavericks,19.9,-0.24,2013,94.1
Denver Nuggets*,18.5,5.37,2013,95.1
Detroit Pistons,17.6,-4.33,2013,90.8
Golden State Warriors*,19.9,1.32,2013,94.5
Houston Rockets*,28.9,3.69,2013,96.1
Indiana Pacers*,19.7,3.34,2013,90.2
Los Angeles Clippers*,21.4,6.43,2013,91.1
Los Angeles Lakers*,24.6,1.48,2013,94.4
Memphis Grizzlies*,13.5,4.32,2013,88.4
Miami Heat*,22.1,7.03,2013,90.7
Milwaukee Bucks*,20.4,-1.83,2013,94.7
Minnesota Timberwolves,18.0,-1.83,2013,92.8
New Orleans Hornets,18.0,-3.12,2013,88.5
New York Knicks*,28.9,3.73,2013,89.8
Oklahoma City Thunder*,19.4,9.15,2013,93.3
Orlando Magic,18.7,-7.12,2013,92.2
Philadelphia 76ers,17.5,-3.51,2013,91.0
Phoenix Suns,17.7,-5.75,2013,93.4
Portland Trail Blazers,23.2,-2.53,2013,91.4
Sacramento Kings,20.5,-4.26,2013,93.6
San Antonio Spurs*,21.5,6.67,2013,94.2
Toronto Raptors,20.3,-1.96,2013,90.4
Utah Jazz,16.9,0.3,2013,90.9
Washington Wizards,18.2,-2.78,2013,92.2
Atlanta Hawks*,25.8,-0.88,2014,94.6
Boston Celtics,21.1,-4.97,2014,93.3
Brooklyn Nets*,23.4,-1.58,2014,91.4
Charlotte Bobcats*,17.9,-0.89,2014,92.4
Chicago Bulls*,17.8,1.2,2014,90.2
Cleveland Cavaliers,20.0,-3.86,2014,93.1
Dallas Mavericks*,22.9,2.91,2014,93.5
Denver Nuggets,23.9,-1.4,2014,98.1
Detroit Pistons,19.3,-4.13,2014,94.9
Golden State Warriors*,24.8,5.15,2014,96.2
Houston Rockets*,26.6,5.06,2014,96.3
Indiana Pacers*,18.8,3.63,2014,92.5
Los Angeles Clippers*,24.0,7.27,2014,95.9
Los Angeles Lakers,24.8,-5.33,2014,98.7
Memphis Grizzlies*,14.0,2.18,2014,89.9
Miami Heat*,22.3,4.15,2014,91.2
Milwaukee Bucks,18.9,-8.41,2014,91.8
Minnesota Timberwolves,21.4,3.1,2014,97.3
New Orleans Pelicans,15.9,-1.98,2014,92.2
New York Knicks,24.9,-1.4,2014,90.3
Oklahoma City Thunder*,22.4,6.66,2014,95.4
Orlando Magic,19.5,-5.88,2014,93.6
Philadelphia 76ers,22.5,-10.66,2014,99.2
Phoenix Suns,25.1,3.02,2014,95.8
Portland Trail Blazers*,25.3,4.44,2014,94.9
Sacramento Kings,18.0,-2.08,2014,94.4
San Antonio Spurs*,21.4,8.0,2014,95.0
Toronto Raptors*,23.4,2.55,2014,91.8
Utah Jazz,19.2,-6.27,2014,91.4
Washington Wizards*,20.8,0.48,2014,93.2
Atlanta Hawks*,26.2,4.75,2015,93.9
Boston Celtics*,24.6,-0.4,2015,95.8
Brooklyn Nets*,19.9,-3.13,2015,92.7
Charlotte Hornets,19.1,-3.44,2015,93.0
Chicago Bulls*,22.3,2.54,2015,92.8
Cleveland Cavaliers*,27.5,4.08,2015,92.3
Dallas Mavericks*,25.4,3.36,2015,95.2
Denver Nuggets,24.8,-3.07,2015,96.1
Detroit Pistons,24.9,-1.39,2015,92.8
Golden State Warriors*,27.0,10.01,2015,98.3
Houston Rockets*,32.7,3.82,2015,96.5
Indiana Pacers,21.2,-0.23,2015,93.2
Los Angeles Clippers*,26.9,6.8,2015,94.7
Los Angeles Lakers,18.9,-6.17,2015,94.0
Memphis Grizzlies*,15.2,3.62,2015,92.0
Miami Heat,20.2,-2.92,2015,90.9
Milwaukee Bucks*,18.3,-0.09,2015,94.1
Minnesota Timberwolves,14.9,-8.0,2015,94.4
New Orleans Pelicans*,19.3,1.13,2015,91.4
New York Knicks,19.7,-9.5,2015,91.2
Oklahoma City Thunder,22.7,2.47,2015,95.7
Orlando Magic,19.5,-5.87,2015,93.8
Philadelphia 76ers,26.3,-9.04,2015,95.7
Phoenix Suns,25.0,-0.38,2015,96.3
Portland Trail Blazers*,27.2,4.41,2015,94.2
Sacramento Kings,16.5,-3.07,2015,95.4
San Antonio Spurs*,22.5,6.34,2015,93.8
Toronto Raptors*,25.1,2.45,2015,92.8
Utah Jazz,21.7,0.71,2015,90.4
Washington Wizards*,16.8,0.17,2015,93.7
Atlanta Hawks*,28.4,3.49,2016,97.1
Boston Celtics*,26.1,2.84,2016,98.5
Brooklyn Nets,18.4,-7.12,2016,95.2
Charlotte Hornets*,29.4,2.36,2016,95.6
Chicago Bulls,21.4,-1.46,2016,95.7
Cleveland Cavaliers*,29.6,5.45,2016,93.3
Dallas Mavericks*,28.6,-0.02,2016,94.3
Denver Nuggets,23.7,-2.81,2016,95.7
Detroit Pistons*,26.2,0.43,2016,95.1
Golden State Warriors*,31.6,10.38,2016,99.3
Houston Rockets*,30.9,0.34,2016,97.6
Indiana Pacers*,23.0,1.62,2016,96.6
Los Angeles Clippers*,26.7,4.13,2016,95.8
Los Angeles Lakers,24.6,-8.92,2016,95.6
Memphis Grizzlies*,18.5,-2.14,2016,93.3
Miami Heat*,18.0,1.5,2016,93.6
Milwaukee Bucks,15.6,-3.98,2016,94.2
Minnesota Timberwolves,16.4,-3.38,2016,95.2
New Orleans Pelicans,23.8,-3.56,2016,96.8
New York Knicks,21.5,-2.74,2016,93.4
Oklahoma City Thunder*,23.7,7.09,2016,96.7
Orlando Magic,22.2,-1.68,2016,96.0
Philadelphia 76ers,27.5,-9.92,2016,97.9
Phoenix Suns,25.8,-6.32,2016,98.5
Portland Trail Blazers*,28.5,0.98,2016,96.0
Sacramento Kings,22.4,-2.32,2016,100.0
San Antonio Spurs*,18.5,10.28,2016,93.8
Toronto Raptors*,23.4,4.08,2016,92.9
Utah Jazz,23.9,1.84,2016,91.0
Washington Wizards,24.2,-0.5,2016,98.5
Atlanta Hawks*,26.1,-1.23,2017,97.4
Boston Celtics*,33.4,2.25,2017,96.8
Brooklyn Nets,31.6,-6.74,2017,101.3
Charlotte Hornets,28.6,-0.07,2017,95.7
Chicago Bulls*,22.3,0.03,2017,95.3
Cleveland Cavaliers*,33.9,2.87,2017,96.2
Dallas Mavericks,30.2,-2.53,2017,92.2
Denver Nuggets,28.8,0.7,2017,98.3
Detroit Pistons,23.4,-1.29,2017,95.0
Golden State Warriors*,31.2,11.35,2017,99.8
Houston Rockets*,40.3,5.84,2017,100.0
Indiana Pacers*,23.0,-0.64,2017,95.9
Los Angeles Clippers*,27.4,4.42,2017,96.1
Los Angeles Lakers,25.7,-6.29,2017,98.5
Memphis Grizzlies*,26.5,0.96,2017,92.3
Miami Heat,27.0,0.77,2017,95.2
Milwaukee Bucks*,23.7,-0.45,2017,94.5
Minnesota Timberwolves,21.0,-0.64,2017,94.6
New Orleans Pelicans,26.8,-1.69,2017,98.0
New York Knicks,24.7,-3.87,2017,96.0
Oklahoma City Thunder*,25.8,1.14,2017,97.8
Orlando Magic,26.1,-6.61,2017,96.8
Philadelphia 76ers,29.8,-5.83,2017,98.5
Phoenix Suns,22.6,-5.14,2017,100.3
Portland Trail Blazers*,27.7,-0.23,2017,96.7
Sacramento Kings,23.9,-3.29,2017,94.9
San Antonio Spurs*,23.5,7.13,2017,94.2
Toronto Raptors*,24.3,3.65,2017,94.7
Utah Jazz*,26.0,4.0,2017,91.6
Washington Wizards*,24.8,1.36,2017,97.4
Atlanta Hawks,31.0,-5.3,2018,98.3
Boston Celtics*,30.4,3.23,2018,96.0
Brooklyn Nets,35.7,-3.67,2018,98.9
Charlotte Hornets,27.2,0.07,2018,98.4
Chicago Bulls,31.1,-6.84,2018,98.3
Cleveland Cavaliers*,32.1,0.59,2018,98.0
Dallas Mavericks,32.8,-2.7,2018,95.6
Denver Nuggets,30.9,1.57,2018,96.8
Detroit Pistons,28.9,-0.26,2018,96.2
Golden State Warriors*,28.9,5.79,2018,99.6
Houston Rockets*,42.3,8.21,2018,97.6
Indiana Pacers*,24.5,1.18,2018,96.0
Los Angeles Clippers,26.8,0.15,2018,98.7
Los Angeles Lakers,29.1,-1.44,2018,100.3
Memphis Grizzlies,26.2,-5.81,2018,94.9
Miami Heat*,30.6,0.15,2018,95.6
Milwaukee Bucks*,24.7,-0.45,2018,96.3
Minnesota Timberwolves*,22.5,2.35,2018,96.0
New Orleans Pelicans*,28.2,1.48,2018,100.5
New York Knicks,23.3,-3.53,2018,96.8
Oklahoma City Thunder*,30.4,3.42,2018,96.7
Orlando Magic,29.3,-4.92,2018,98.1
Philadelphia 76ers*,29.8,4.3,2018,99.8
Phoenix Suns,27.9,-8.8,2018,100.3
Portland Trail Blazers*,28.1,2.6,2018,96.5
Sacramento Kings,24.0,-6.6,2018,94.9
San Antonio Spurs*,24.1,2.89,2018,95.0
Toronto Raptors*,33.0,7.29,2018,97.4
Utah Jazz*,29.6,4.47,2018,95.7
Washington Wizards*,26.5,0.53,2018,96.6
Atlanta Hawks,37.0,-6.06,2019,103.9
Boston Celtics*,34.5,3.9,2019,99.6
Brooklyn Nets*,36.2,-0.4,2019,100.8
Charlotte Hornets,33.9,-1.32,2019,98.7
Chicago Bulls,25.9,-8.32,2019,99.0
Cleveland Cavaliers,29.1,-9.39,2019,96.6
Dallas Mavericks,36.6,-0.87,2019,99.0
Denver Nuggets*,31.4,4.19,2019,97.7
Detroit Pistons*,34.8,-0.56,2019,97.4
Golden State Warriors*,34.4,6.42,2019,100.9
Houston Rockets*,45.4,4.96,2019,97.9
Indiana Pacers*,25.4,2.76,2019,98.1
Los Angeles Clippers*,25.8,1.09,2019,101.7
Los Angeles Lakers,31.0,-1.33,2019,103.2
Memphis Grizzlies,28.9,-2.08,2019,96.6
Miami Heat,32.4,-0.45,2019,98.2
Milwaukee Bucks*,38.2,8.04,2019,103.3
Minnesota Timberwolves,28.7,-1.02,2019,100.2
New Orleans Pelicans,29.9,-1.1,2019,103.3
New York Knicks,29.5,-8.93,2019,99.6
Oklahoma City Thunder*,32.6,3.56,2019,102.8
Orlando Magic*,32.1,0.28,2019,98.1
Philadelphia 76ers*,30.2,2.25,2019,101.6
Phoenix Suns,29.3,-8.61,2019,100.5
Portland Trail Blazers*,30.7,4.43,2019,99.1
Sacramento Kings,29.9,-0.81,2019,103.1
San Antonio Spurs*,25.3,1.8,2019,98.3
Toronto Raptors*,33.8,5.49,2019,100.2
Utah Jazz*,34.0,5.28,2019,100.3
Washington Wizards,33.3,-3.3,2019,101.4
Atlanta Hawks,36.1,-7.71,2020,103.0
Boston Celtics*,34.5,5.83,2020,99.5
Brooklyn Nets*,38.1,-1.01,2020,101.4
Charlotte Hornets,34.3,-7.03,2020,95.8
Chicago Bulls,35.1,-4.0,2020,99.7
Cleveland Cavaliers,31.8,-7.77,2020,98.7
Dallas Mavericks*,41.3,4.87,2020,99.3
Denver Nuggets*,30.6,2.35,2020,97.1
Detroit Pistons,32.7,-4.38,2020,97.6
Golden State Warriors,31.3,-8.12,2020,100.3
Houston Rockets*,45.3,3.13,2020,103.7
Indiana Pacers*,28.0,1.63,2020,98.9
Los Angeles Clippers*,33.5,6.66,2020,101.5
Los Angeles Lakers*,31.6,6.28,2020,100.9
Memphis Grizzlies,31.5,-0.91,2020,102.8
Miami Heat*,35.4,2.59,2020,98.3
Milwaukee Bucks*,38.9,9.41,2020,105.1
Minnesota Timberwolves,39.7,-4.02,2020,103.4
New Orleans Pelicans,36.9,-0.55,2020,103.7
New York Knicks,28.4,-6.72,2020,98.6
Oklahoma City Thunder*,30.2,2.33,2020,98.8
Orlando Magic*,32.2,-0.93,2020,98.6
Philadelphia 76ers*,31.6,2.25,2020,99.0
Phoenix Suns,31.8,0.56,2020,101.3
Portland Trail Blazers*,34.1,-0.61,2020,100.7
Sacramento Kings,34.9,-1.59,2020,98.9
San Antonio Spurs,28.5,-0.65,2020,100.5
Toronto Raptors*,37.0,5.97,2020,100.9
Utah Jazz*,35.2,2.52,2020,98.6
Washington Wizards,32.6,-5.24,2020,102.7
Atlanta Hawks*,33.4,2.14,2021,97.6
Boston Celtics*,36.4,1.32,2021,98.3
Brooklyn Nets*,36.1,4.24,2021,99.5
Charlotte Hornets,37.0,-1.94,2021,98.3
Chicago Bulls,34.0,-0.94,2021,99.0
Cleveland Cavaliers,29.7,-8.19,2021,97.3
Dallas Mavericks*,38.1,2.26,2021,97.3
Denver Nuggets*,34.2,4.82,2021,97.1
Detroit Pistons,32.9,-4.38,2021,97.9
Golden State Warriors,38.7,1.1,2021,102.2
Houston Rockets,40.6,-7.5,2021,101.4
Indiana Pacers,34.0,-0.13,2021,101.6
Los Angeles Clippers*,34.7,6.02,2021,96.9
Los Angeles Lakers*,31.2,2.77,2021,98.7
Memphis Grizzlies*,31.4,1.07,2021,100.4
Miami Heat*,36.2,-0.06,2021,96.6
Milwaukee Bucks*,37.1,5.57,2021,102.2
Minnesota Timberwolves,37.6,-5.25,2021,101.6
New Orleans Pelicans,30.4,-0.2,2021,100.1
New York Knicks*,30.0,2.13,2021,95.9
Oklahoma City Thunder,35.1,-10.13,2021,101.0
Orlando Magic,31.8,-9.02,2021,98.7
Philadelphia 76ers*,30.1,5.28,2021,99.5
Phoenix Suns*,34.6,5.67,2021,97.2
Portland Trail Blazers*,40.8,1.81,2021,98.4
Sacramento Kings,33.3,-3.45,2021,100.0
San Antonio Spurs,28.4,-1.58,2021,98.9
Toronto Raptors,39.3,-0.54,2021,99.2
Utah Jazz*,43.0,8.97,2021,98.5
Washington Wizards*,29.0,-1.85,2021,104.1
Atlanta Hawks*,34.4,1.55,2022,97.7
Boston Celtics*,37.1,7.02,2022,96.6
Brooklyn Nets*,31.7,0.82,2022,99.0
Charlotte Hornets,38.2,0.53,2022,100.0
Chicago Bulls*,28.8,-0.38,2022,98.3
Cleveland Cavaliers,32.8,2.04,2022,96.1
Dallas Mavericks*,37.4,3.12,2022,95.4
Denver Nuggets*,35.9,2.16,2022,97.8
Detroit Pistons,34.6,-7.36,2022,98.4
Golden State Warriors*,39.4,5.52,2022,98.4
Houston Rockets,38.7,-8.26,2022,100.9
Indiana Pacers,35.4,-3.26,2022,98.0
Los Angeles Clippers,34.2,0.09,2022,98.0
Los Angeles Lakers,34.5,-3.08,2022,100.1
Memphis Grizzlies*,32.7,5.37,2022,100.3
Miami Heat*,35.8,4.23,2022,95.9
Milwaukee Bucks*,38.4,3.22,2022,99.9
Minnesota Timberwolves*,41.3,2.53,2022,100.9
New Orleans Pelicans*,32.1,-0.84,2022,97.2
New York Knicks,36.9,-0.01,2022,95.9
Oklahoma City Thunder,37.4,-7.9,2022,98.6
Orlando Magic,36.9,-7.67,2022,99.2
Philadelphia 76ers*,31.8,2.57,2022,96.2
Phoenix Suns*,31.9,6.94,2022,99.8
Portland Trail Blazers,36.8,-8.55,2022,98.3
Sacramento Kings,33.2,-5.26,2022,99.8
San Antonio Spurs,32.0,0.02,2022,100.0
Toronto Raptors*,34.2,2.38,2022,96.0
Utah Jazz*,40.3,5.67,2022,97.1
Washington Wizards,30.6,-3.23,2022,97.0
Atlanta Hawks*,30.5,0.32,2023,100.7
Boston Celtics*,42.6,6.38,2023,98.5
Brooklyn Nets*,33.8,1.03,2023,98.3
Charlotte Hornets,32.5,-5.89,2023,100.8
Chicago Bulls,28.9,1.37,2023,98.5
Cleveland Cavaliers*,31.6,5.23,2023,95.7
Dallas Mavericks,41.0,-0.14,2023,96.6
Denver Nuggets*,31.2,3.04,2023,98.1
Detroit Pistons,32.4,-7.73,2023,99.0
Golden State Warriors*,43.2,1.66,2023,101.6
Houston Rockets,31.9,-7.62,2023,99.0
Indiana Pacers,37.0,-2.91,2023,101.1
Los Angeles Clippers*,33.4,0.31,2023,98.0
Los Angeles Lakers*,31.2,0.43,2023,101.3
Memphis Grizzlies*,34.2,3.6,2023,101.1
Miami Heat*,34.8,-0.13,2023,96.3
Milwaukee Bucks*,40.3,3.61,2023,100.5
Minnesota Timberwolves*,33.3,-0.22,2023,101.0
New Orleans Pelicans,30.1,1.63,2023,99.1
New York Knicks*,35.7,2.99,2023,97.1
Oklahoma City Thunder,34.1,0.96,2023,101.1
Orlando Magic,31.1,-2.39,2023,99.3
Philadelphia 76ers*,32.6,4.37,2023,96.9
Phoenix Suns*,32.6,2.08,2023,98.2
Portland Trail Blazers,35.3,-3.96,2023,98.6
Sacramento Kings*,37.3,2.3,2023,100.3
San Antonio Spurs,32.2,-9.82,2023,101.6
Toronto Raptors,32.0,1.59,2023,97.1
Utah Jazz,37.8,-1.03,2023,100.5
Washington Wizards,31.7,-1.06,2023,98.6
Atlanta Hawks,37.7,-2.38,2024,100.1
Boston Celtics*,42.5,10.75,2024,97.2
Brooklyn Nets,36.7,-3.02,2024,96.9
Charlotte Hornets,34.0,-10.12,2024,97.3
Chicago Bulls,32.1,-1.77,2024,96.3
Cleveland Cavaliers*,36.8,1.98,2024,97.2
Dallas Mavericks*,39.5,2.3,2024,100.1
Denver Nuggets*,31.2,5.23,2024,96.8
Detroit Pistons,31.7,-9.06,2024,99.8
Golden State Warriors,38.9,2.77,2024,99.2
Houston Rockets,36.1,1.24,2024,99.0
Indiana Pacers*,35.3,2.75,2024,101.7
Los Angeles Clippers*,33.2,3.41,2024,97.2
Los Angeles Lakers*,31.4,1.07,2024,100.9
Memphis Grizzlies,37.8,-6.57,2024,98.2
Miami Heat*,33.7,1.1,2024,96.2
Milwaukee Bucks*,38.1,2.44,2024,99.9
Minnesota Timberwolves*,32.7,6.39,2024,97.1
New Orleans Pelicans*,32.6,4.46,2024,97.9
New York Knicks*,35.8,4.36,2024,95.2
Oklahoma City Thunder*,34.2,7.36,2024,99.8
Orlando Magic*,31.3,1.48,2024,96.9
Philadelphia 76ers*,33.3,2.51,2024,97.5
Phoenix Suns*,32.6,3.08,2024,98.3
Portland Trail Blazers,33.2,-8.29,2024,97.2
Sacramento Kings,39.3,2.29,2024,98.8
San Antonio Spurs,36.4,-5.8,2024,101.1
Toronto Raptors,33.1,-6.45,2024,99.4
Utah Jazz,36.5,-4.22,2024,99.5
Washington Wizards,35.5,-9.29,2024,102.7
Atlanta Hawks,37.7,-1.41,2025,102.6
Boston Celtics*,48.2,8.28,2025,95.7
Brooklyn Nets,39.4,-6.95,2025,96.4
Charlotte Hornets,38.3,-9.1,2025,97.6
Chicago Bulls,42.0,-1.83,2025,102.8
Cleveland Cavaliers*,41.5,8.81,2025,99.8
Dallas Mavericks,34.2,-0.74,2025,99.2
Denver Nuggets*,31.9,3.97,2025,99.8
Detroit Pistons*,35.4,1.73,2025,99.8
Golden State Warriors*,42.4,3.56,2025,98.7
Houston Rockets*,35.8,4.97,2025,98.6
Indiana Pacers*,35.8,1.68,2025,99.9
Los Angeles Clippers*,33.4,4.84,2025,97.5
Los Angeles Lakers*,36.4,1.45,2025,97.6
Memphis Grizzlies*,37.9,4.79,2025,103.3
Miami Heat*,37.3,0.11,2025,96.2
Milwaukee Bucks*,36.6,2.12,2025,99.3
Minnesota Timberwolves*,39.9,5.15,2025,97.3
New Orleans Pelicans,34.6,-8.59,2025,99.1
New York Knicks*,34.1,3.59,2025,96.7
Oklahoma City Thunder*,38.8,12.7,2025,100.0
Orlando Magic*,35.3,-0.7,2025,96.1
Philadelphia 76ers,37.2,-6.29,2025,97.4
Phoenix Suns,38.0,-2.55,2025,97.1
Portland Trail Blazers,37.7,-2.67,2025,98.8
Sacramento Kings,35.2,0.58,2025,98.2
San Antonio Spurs,39.6,-2.45,2025,99.3
Toronto Raptors,34.0,-4.4,2025,99.7
Utah Jazz,39.8,-8.51,2025,100.0
Washington Wizards,39.1,-12.14,2025,100.9
